{
    "config": {
        "num_samples": 500,
        "img_size": 256,
        "batch_size": 8,
        "num_epochs": 50,
        "learning_rate": 0.0001,
        "device": "cpu"
    },
    "model_architecture": "Attention U-Net",
    "total_parameters": 31388013,
    "training_history": {
        "train_loss": [
            0.40535214611075143,
            0.3244625296105038,
            0.298199174079028,
            0.27847013317725877,
            0.2596357749267058,
            0.24161684716289694,
            0.22465805438431827,
            0.2057919166982174,
            0.18652273003350606,
            0.1731941154734655,
            0.16114794666116888,
            0.1493199753829024,
            0.13854070481928912,
            0.1290817538445646,
            0.11999489129944281,
            0.11330033076757734,
            0.10485610264268788,
            0.09698745269667018,
            0.09019321050833572,
            0.08403888463296673,
            0.07828006326136264,
            0.07321857390078632,
            0.06872481014579535,
            0.06404300914569334,
            0.06035906465893442,
            0.05689093072644689,
            0.05318165773695165,
            0.049911729906770314,
            0.047224698926914825,
            0.044186322526498276,
            0.04209740832448006,
            0.03959296614100987,
            0.037410200742835346,
            0.03550596907734871,
            0.0337893891740929,
            0.03210241127420555,
            0.03050685974515297,
            0.02894443751905452,
            0.027814834674989634,
            0.026565199929543516,
            0.02509805809875781,
            0.02417439048771154,
            0.023134123533964157,
            0.021853168368000876,
            0.021262089362029325,
            0.020183971194042402,
            0.0197681818284433,
            0.01908504888838665,
            0.01783224364573305,
            0.017410321880809286
        ],
        "val_loss": [
            0.3594513863325119,
            0.3088467389345169,
            0.28755667209625246,
            0.25984319746494294,
            0.2501445010304451,
            0.23674948811531066,
            0.22174380868673324,
            0.19721415191888808,
            0.17338995039463043,
            0.16322567015886308,
            0.15035407096147538,
            0.1444062814116478,
            0.13199795931577682,
            0.12361454740166664,
            0.11700843200087548,
            0.10432660132646561,
            0.09704481363296509,
            0.09004954621195793,
            0.08615873083472252,
            0.0814284972846508,
            0.0747293323278427,
            0.07258614227175712,
            0.06631503216922283,
            0.06376168131828308,
            0.05745404213666916,
            0.054584207758307454,
            0.05335596576333046,
            0.04762264117598534,
            0.04363378323614597,
            0.04242756441235542,
            0.04162948876619339,
            0.036125588417053225,
            0.03530031740665436,
            0.03450178951025009,
            0.033092878945171836,
            0.032116513885557654,
            0.029146126098930837,
            0.02923452351242304,
            0.027075504325330256,
            0.02567093204706907,
            0.02482336778193712,
            0.022829940542578697,
            0.02253981735557318,
            0.021088718622922897,
            0.021975785307586194,
            0.019166475161910057,
            0.019228135608136653,
            0.018673503771424294,
            0.0175211438909173,
            0.01777444276958704
        ],
        "train_dice": [
            0.9262367778203704,
            0.9794717878103256,
            0.9848280941898172,
            0.987169084223834,
            0.9890557053414258,
            0.9912723709236492,
            0.992344705895944,
            0.9924055419184945,
            0.9937139343131672,
            0.9940497035329993,
            0.9945711073550311,
            0.9951502897522666,
            0.9955366362224926,
            0.9957124536687677,
            0.9951415197415785,
            0.9947707693685185,
            0.9948378841985356,
            0.9960034936666489,
            0.996276932683858,
            0.9963537413965572,
            0.9965171434662559,
            0.9964789274063978,
            0.9965305639938875,
            0.9967462677847255,
            0.9967797479846261,
            0.9968156936493787,
            0.9968561164357446,
            0.9969571910121224,
            0.9969216395508159,
            0.9969891824505546,
            0.9970374310558493,
            0.9970798804001375,
            0.9971060495484959,
            0.9971119314432144,
            0.9971540895375338,
            0.9971719926053827,
            0.9971614317460493,
            0.9972339028661902,
            0.9972305148839951,
            0.9972128583626314,
            0.9972361529415305,
            0.99719692224806,
            0.9972751086408441,
            0.9973995997147127,
            0.9973190751942721,
            0.9973909150470387,
            0.9971839013424787,
            0.9971016564152457,
            0.9974244778806513,
            0.9974135187539187
        ],
        "val_dice": [
            0.972881406545639,
            0.9843234479427337,
            0.9876482725143433,
            0.9890957355499268,
            0.9907314240932464,
            0.991541838645935,
            0.9927480041980743,
            0.9944240093231201,
            0.9936994075775146,
            0.9954010665416717,
            0.9949883043766021,
            0.9955293655395507,
            0.9961751103401184,
            0.9963457763195038,
            0.995365583896637,
            0.9953293144702912,
            0.9956756293773651,
            0.9962296664714814,
            0.9964491844177246,
            0.9964888334274292,
            0.9966461896896363,
            0.9967230260372162,
            0.9967653691768646,
            0.9963835537433624,
            0.9969950616359711,
            0.9969495356082916,
            0.9968723595142365,
            0.9970733046531677,
            0.9970197200775146,
            0.9970272123813629,
            0.997157198190689,
            0.9970358669757843,
            0.9970990896224976,
            0.997184294462204,
            0.9971921443939209,
            0.9972240090370178,
            0.9971964180469512,
            0.9971858561038971,
            0.9970417976379394,
            0.9971760094165802,
            0.997244906425476,
            0.9970318138599396,
            0.9973723888397217,
            0.9973002970218658,
            0.9973329842090607,
            0.9970269978046418,
            0.9968360245227814,
            0.9972872614860535,
            0.9973601400852203,
            0.9973042130470275
        ],